,UTC time,creation_time (UTC),version,carbon_intensity,coal,nat_gas,oil,hydro,solar,other
0,2025-04-25 00:00:00,2025-05-01 04:36:13,3.0,577.39,1380.0,780.0,0.0,145.0,11.0,69.0
1,2025-04-25 01:00:00,2025-05-01 04:36:13,3.0,593.91,1440.0,797.0,0.0,100.0,0.0,70.0
2,2025-04-25 02:00:00,2025-05-01 04:36:13,3.0,603.46,1430.0,785.0,0.0,64.0,0.0,69.0
3,2025-04-25 03:00:00,2025-05-01 04:36:13,3.0,610.13,1394.0,700.0,0.0,63.0,0.0,68.0
4,2025-04-25 04:00:00,2025-05-01 04:36:13,3.0,617.14,1242.0,584.0,0.0,49.0,0.0,68.0
5,2025-04-25 05:00:00,2025-05-01 04:36:13,3.0,634.76,1082.0,496.0,0.0,0.0,0.0,70.0
6,2025-04-25 06:00:00,2025-05-01 04:36:13,3.0,629.74,979.0,476.0,0.0,0.0,0.0,71.0
7,2025-04-25 07:00:00,2025-05-01 04:36:13,3.0,629.73,976.0,475.0,0.0,0.0,0.0,69.0
8,2025-04-25 08:00:00,2025-05-01 04:36:13,3.0,628.33,965.0,478.0,0.0,0.0,0.0,67.0
9,2025-04-25 09:00:00,2025-05-01 04:36:13,3.0,631.21,996.0,476.0,0.0,0.0,0.0,70.0
10,2025-04-25 10:00:00,2025-05-01 04:36:13,3.0,632.44,1017.0,479.0,0.0,0.0,0.0,70.0
11,2025-04-25 11:00:00,2025-05-01 04:36:13,3.0,641.2,1136.0,481.0,0.0,0.0,0.0,68.0
12,2025-04-25 12:00:00,2025-05-01 04:36:13,3.0,639.72,1230.0,480.0,0.0,0.0,22.0,68.0
13,2025-04-25 13:00:00,2025-05-01 04:36:13,3.0,622.19,1247.0,481.0,0.0,0.0,76.0,69.0
14,2025-04-25 14:00:00,2025-05-01 04:36:13,3.0,603.15,1325.0,477.0,0.0,0.0,157.0,68.0
15,2025-04-25 15:00:00,2025-05-01 04:36:13,3.0,593.12,1357.0,475.0,0.0,0.0,201.0,69.0
16,2025-04-25 16:00:00,2025-05-01 04:36:13,3.0,595.14,1481.0,473.0,0.0,17.0,212.0,69.0
17,2025-04-25 17:00:00,2025-05-01 04:36:13,3.0,587.32,1561.0,469.0,0.0,63.0,221.0,68.0
18,2025-04-25 18:00:00,2025-05-01 04:36:13,3.0,592.52,1649.0,469.0,0.0,63.0,225.0,66.0
19,2025-04-25 19:00:00,2025-05-01 04:36:13,3.0,599.59,1720.0,466.0,0.0,63.0,216.0,66.0
20,2025-04-25 20:00:00,2025-05-01 04:36:13,3.0,603.52,1728.0,465.0,0.0,64.0,201.0,66.0
21,2025-04-25 21:00:00,2025-05-01 04:36:13,3.0,602.25,1624.0,460.0,0.0,63.0,182.0,66.0
22,2025-04-25 22:00:00,2025-05-01 04:36:13,3.0,603.62,1601.0,461.0,0.0,62.0,171.0,71.0
23,2025-04-25 23:00:00,2025-05-01 04:36:13,3.0,632.44,1679.0,461.0,0.0,64.0,77.0,70.0
24,2025-04-26 00:00:00,2025-05-01 04:36:13,3.0,652.25,1722.0,460.0,0.0,63.0,14.0,71.0
25,2025-04-26 01:00:00,2025-05-01 04:36:13,3.0,622.61,1581.0,628.5,0.0,81.5,7.0,70.5
26,2025-04-26 02:00:00,2025-05-01 04:36:13,3.0,613.07,1505.5,706.75,0.0,72.75,3.5,69.75
27,2025-04-26 03:00:00,2025-05-01 04:36:13,3.0,611.65,1449.75,703.375,0.0,67.875,1.75,68.875
28,2025-04-26 04:00:00,2025-05-01 04:36:13,3.0,614.17,1345.875,643.6875,0.0,58.4375,0.875,68.4375
29,2025-04-26 05:00:00,2025-05-01 04:36:13,3.0,623.18,1213.9375,569.84375,0.0,29.21875,0.4375,69.21875
30,2025-04-26 06:00:00,2025-05-01 04:36:13,3.0,626.12,1096.46875,522.921875,0.0,14.609375,0.21875,70.109375
31,2025-04-26 07:00:00,2025-05-01 04:36:13,3.0,627.82,1036.234375,498.9609375,0.0,7.3046875,0.109375,69.5546875
32,2025-04-26 08:00:00,2025-05-01 04:36:13,3.0,628.07,1000.6171875,488.48046875,0.0,3.65234375,0.0546875,68.27734375
33,2025-04-26 09:00:00,2025-05-01 04:36:13,3.0,629.63,998.30859375,482.240234375,0.0,1.826171875,0.02734375,69.138671875
34,2025-04-26 10:00:00,2025-05-01 04:36:13,3.0,631.04,1007.654296875,480.6201171875,0.0,0.9130859375,0.013671875,69.5693359375
35,2025-04-26 11:00:00,2025-05-01 04:36:13,3.0,636.32,1071.8271484375,480.81005859375,0.0,0.45654296875,0.0068359375,68.78466796875
36,2025-04-26 12:00:00,2025-05-01 04:36:13,3.0,638.11,1150.91357421875,480.405029296875,0.0,0.228271484375,11.00341796875,68.392333984375
37,2025-04-26 13:00:00,2025-05-01 04:36:13,3.0,629.79,1198.956787109375,480.7025146484375,0.0,0.1141357421875,43.501708984375,68.6961669921875
38,2025-04-26 14:00:00,2025-05-01 04:36:13,3.0,615.65,1261.9783935546875,478.8512573242188,0.0,0.05706787109375,100.2508544921875,68.34808349609375
39,2025-04-26 15:00:00,2025-05-01 04:36:13,3.0,603.85,1309.4891967773438,476.9256286621094,0.0,0.028533935546875,150.62542724609375,68.67404174804688
40,2025-04-26 16:00:00,2025-05-01 04:36:13,3.0,599.24,1395.244598388672,474.9628143310547,0.0,8.514266967773438,181.31271362304688,68.83702087402344
41,2025-04-26 17:00:00,2025-05-01 04:36:13,3.0,592.94,1478.122299194336,471.98140716552734,0.0,35.75713348388672,201.15635681152344,68.41851043701172
42,2025-04-26 18:00:00,2025-05-01 04:36:13,3.0,592.72,1563.561149597168,470.4907035827637,0.0,49.37856674194336,213.0781784057617,67.20925521850586
43,2025-04-26 19:00:00,2025-05-01 04:36:13,3.0,596.28,1641.780574798584,468.2453517913818,0.0,56.18928337097168,214.5390892028809,66.60462760925293
44,2025-04-26 20:00:00,2025-05-01 04:36:13,3.0,599.95,1684.890287399292,466.6226758956909,0.0,60.09464168548584,207.76954460144043,66.30231380462646
45,2025-04-26 21:00:00,2025-05-01 04:36:13,3.0,601.08,1654.445143699646,463.3113379478455,0.0,61.54732084274292,194.8847723007202,66.15115690231323
46,2025-04-26 22:00:00,2025-05-01 04:36:13,3.0,602.33,1627.722571849823,462.15566897392273,0.0,61.77366042137146,182.9423861503601,68.57557845115662
47,2025-04-26 23:00:00,2025-05-01 04:36:13,3.0,617.22,1653.3612859249115,461.57783448696136,0.0,62.88683021068573,129.97119307518005,69.28778922557831
