datetime,creation_time (UTC),version,forecast_avg_wind_speed_wMean,forecast_avg_temperature_wMean,forecast_avg_dewpoint_wMean,forecast_avg_dswrf_wMean,forecast_avg_precipitation_wMean,avg_coal_production_forecast,avg_nat_gas_production_forecast,avg_oil_production_forecast,avg_hydro_production_forecast,avg_solar_production_forecast,avg_wind_production_forecast
2025-05-04 00:00:00,2025-05-08 01:08:32,3.0,3.185259280550823,286.9625246610042,275.0196041701927,134.8498842991628,0.1199969204689941,,,,,9624.52966,3816.18981
2025-05-04 01:00:00,2025-05-08 01:08:32,3.0,3.185259280550823,286.9625246610042,275.0196041701927,134.8498842991628,0.1199969204689941,,,,,57.29542,178.44126
2025-05-04 02:00:00,2025-05-08 01:08:32,3.0,3.185259280550823,286.9625246610042,275.0196041701927,134.8498842991628,0.1199969204689941,,,,,48.76966,180.1069
2025-05-04 03:00:00,2025-05-08 01:08:32,3.0,3.185259280550823,286.9625246610042,275.0196041701927,134.8498842991628,0.1199969204689941,,,,,44.11743,174.98146
2025-05-04 04:00:00,2025-05-08 01:08:32,3.0,3.245157712726001,284.7019087209691,274.83942884991336,134.8498842991628,0.1199969204689941,,,,,39.90446,182.38033
2025-05-04 05:00:00,2025-05-08 01:08:32,3.0,3.245157712726001,284.7019087209691,274.83942884991336,134.8498842991628,0.1199969204689941,,,,,29.70164,177.58202
2025-05-04 06:00:00,2025-05-08 01:08:32,3.0,3.245157712726001,284.7019087209691,274.83942884991336,134.8498842991628,0.1199969204689941,,,,,21.96538,174.84302
2025-05-04 07:00:00,2025-05-08 01:08:32,3.0,3.051599833228649,282.99528249475,274.72930822629894,67.4247792885189,0.3171175434407872,,,,,17.39602,172.57144
2025-05-04 08:00:00,2025-05-08 01:08:32,3.0,3.051599833228649,282.99528249475,274.72930822629894,67.4247792885189,0.3171175434407872,,,,,11.266,161.08108
2025-05-04 09:00:00,2025-05-08 01:08:32,3.0,3.051599833228649,282.99528249475,274.72930822629894,67.4247792885189,0.3171175434407872,,,,,10.31715,167.28383
2025-05-04 10:00:00,2025-05-08 01:08:32,3.0,2.829099171308128,281.6485799912484,274.59513869323814,0.0,0.503313589927403,,,,,12.05316,165.90292
2025-05-04 11:00:00,2025-05-08 01:08:32,3.0,2.829099171308128,281.6485799912484,274.59513869323814,0.0,0.503313589927403,,,,,14.05841,170.14802
2025-05-04 12:00:00,2025-05-08 01:08:32,3.0,2.829099171308128,281.6485799912484,274.59513869323814,0.0,0.503313589927403,,,,,14.83243,162.65759
2025-05-04 13:00:00,2025-05-08 01:08:32,3.0,3.645236408495828,286.00656092330667,275.7320253817585,0.0935661706017046,0.6463225225133774,,,,,20.34842,167.54883
2025-05-04 14:00:00,2025-05-08 01:08:32,3.0,3.645236408495828,286.00656092330667,275.7320253817585,0.0935661706017046,0.6463225225133774,,,,,24.91696,159.28307
2025-05-04 15:00:00,2025-05-08 01:08:32,3.0,3.645236408495828,286.00656092330667,275.7320253817585,0.0935661706017046,0.6463225225133774,,,,,27.4446,163.89747
2025-05-04 16:00:00,2025-05-08 01:08:32,3.0,4.412869205978343,289.5527393187441,275.7068792637164,187.3369121588472,0.7633175256359332,,,,,35.64764,162.91554
2025-05-04 17:00:00,2025-05-08 01:08:32,3.0,4.412869205978343,289.5527393187441,275.7068792637164,187.3369121588472,0.7633175256359332,,,,,41.72364,164.94524
2025-05-04 18:00:00,2025-05-08 01:08:32,3.0,4.412869205978343,289.5527393187441,275.7068792637164,187.3369121588472,0.7633175256359332,,,,,43.97869,158.10312
2025-05-04 19:00:00,2025-05-08 01:08:32,3.0,4.877082999817224,290.79113877583654,275.1767765877082,388.8814013596168,0.9411428542740086,,,,,44.9463,166.43674
2025-05-04 20:00:00,2025-05-08 01:08:32,3.0,4.877082999817224,290.79113877583654,275.1767765877082,388.8814013596168,0.9411428542740086,,,,,48.54514,166.80773
2025-05-04 21:00:00,2025-05-08 01:08:32,3.0,4.877082999817224,290.79113877583654,275.1767765877082,388.8814013596168,0.9411428542740086,,,,,52.91627,157.58546
2025-05-04 22:00:00,2025-05-08 01:08:32,3.0,5.096324627715688,288.9382602503166,275.9961160743283,710.9464340047979,1.266527086907312,,,,,56.14544,160.47615
2025-05-04 23:00:00,2025-05-08 01:08:32,3.0,5.096324627715688,288.9382602503166,275.9961160743283,710.9464340047979,1.266527086907312,,,,,62.13538,158.0951
2025-05-05 00:00:00,2025-05-08 01:08:32,3.0,5.096324627715688,288.9382602503166,275.9961160743283,710.9464340047979,1.266527086907312,,,,,9624.52966,3816.18981
2025-05-05 01:00:00,2025-05-08 01:08:32,3.0,4.634437673985615,284.1437217962306,276.77680332859074,587.7607848227998,1.789089333479042,,,,,4156.5,3868.60009
2025-05-05 02:00:00,2025-05-08 01:08:32,3.0,4.634437673985615,284.1437217962306,276.77680332859074,587.7607848227998,1.789089333479042,,,,,48.76966,180.1069
2025-05-05 03:00:00,2025-05-08 01:08:32,3.0,4.634437673985615,284.1437217962306,276.77680332859074,587.7607848227998,1.789089333479042,,,,,44.11743,174.98146
2025-05-05 04:00:00,2025-05-08 01:08:32,3.0,4.660706073960013,281.93211305606656,276.8238625117036,92.84020919342264,2.3734607823970726,,,,,39.90446,182.38033
2025-05-05 05:00:00,2025-05-08 01:08:32,3.0,4.660706073960013,281.93211305606656,276.8238625117036,92.84020919342264,2.3734607823970726,,,,,29.70164,177.58202
2025-05-05 06:00:00,2025-05-08 01:08:32,3.0,4.660706073960013,281.93211305606656,276.8238625117036,92.84020919342264,2.3734607823970726,,,,,21.96538,174.84302
2025-05-05 07:00:00,2025-05-08 01:08:32,3.0,4.445949076876698,280.1403417814671,276.6726086990015,46.420026276383325,2.853135044185402,,,,,17.39602,172.57144
2025-05-05 08:00:00,2025-05-08 01:08:32,3.0,4.445949076876698,280.1403417814671,276.6726086990015,46.420026276383325,2.853135044185402,,,,,11.266,161.08108
2025-05-05 09:00:00,2025-05-08 01:08:32,3.0,4.445949076876698,280.1403417814671,276.6726086990015,46.420026276383325,2.853135044185402,,,,,10.31715,167.28383
2025-05-05 10:00:00,2025-05-08 01:08:32,3.0,4.5036515807849495,278.7411734825016,276.1443461021855,0.0,3.37615977797039,,,,,12.05316,165.90292
2025-05-05 11:00:00,2025-05-08 01:08:32,3.0,4.5036515807849495,278.7411734825016,276.1443461021855,0.0,3.37615977797039,,,,,14.05841,170.14802
2025-05-05 12:00:00,2025-05-08 01:08:32,3.0,4.5036515807849495,278.7411734825016,276.1443461021855,0.0,3.37615977797039,,,,,14.83243,162.65759
2025-05-05 13:00:00,2025-05-08 01:08:32,3.0,5.231934097156623,280.31641937400263,276.092361711904,0.097434346028956,4.110948877569783,,,,,20.34842,167.54883
2025-05-05 14:00:00,2025-05-08 01:08:32,3.0,5.231934097156623,280.31641937400263,276.092361711904,0.097434346028956,4.110948877569783,,,,,24.91696,159.28307
2025-05-05 15:00:00,2025-05-08 01:08:32,3.0,5.231934097156623,280.31641937400263,276.092361711904,0.097434346028956,4.110948877569783,,,,,27.4446,163.89747
2025-05-05 16:00:00,2025-05-08 01:08:32,3.0,5.657816767932085,281.6142564639128,275.5172238080371,110.64931329186196,4.938157171075371,,,,,35.64764,162.91554
2025-05-05 17:00:00,2025-05-08 01:08:32,3.0,5.657816767932085,281.6142564639128,275.5172238080371,110.64931329186196,4.938157171075371,,,,,41.72364,164.94524
2025-05-05 18:00:00,2025-05-08 01:08:32,3.0,5.657816767932085,281.6142564639128,275.5172238080371,110.64931329186196,4.938157171075371,,,,,43.97869,158.10312
2025-05-05 19:00:00,2025-05-08 01:08:32,3.0,6.081817361973796,281.781519787828,274.8336174738964,223.9110614326076,5.692532241048049,,,,,44.9463,166.43674
2025-05-05 20:00:00,2025-05-08 01:08:32,3.0,6.081817361973796,281.781519787828,274.8336174738964,223.9110614326076,5.692532241048049,,,,,48.54514,166.80773
2025-05-05 21:00:00,2025-05-08 01:08:32,3.0,6.081817361973796,281.781519787828,274.8336174738964,223.9110614326076,5.692532241048049,,,,,52.91627,157.58546
2025-05-05 22:00:00,2025-05-08 01:08:32,3.0,5.948299584465162,280.7290653742041,274.17082849717764,392.1285157283866,6.524422493834011,,,,,56.14544,160.47615
2025-05-05 23:00:00,2025-05-08 01:08:32,3.0,5.948299584465162,280.7290653742041,274.17082849717764,392.1285157283866,6.524422493834011,,,,,62.13538,158.0951
2025-05-06 00:00:00,2025-05-08 01:08:32,3.0,5.948299584465162,280.7290653742041,274.17082849717764,392.1285157283866,6.524422493834011,,,,,9624.52966,3816.18981
2025-05-06 01:00:00,2025-05-08 01:08:32,3.0,4.558254336270673,277.86887556461653,273.53649514214084,333.66580864612297,7.40647071852668,,,,,4156.5,3868.60009
2025-05-06 02:00:00,2025-05-08 01:08:32,3.0,4.558254336270673,277.86887556461653,273.53649514214084,333.66580864612297,7.40647071852668,,,,,485.56999,3819.53014
2025-05-06 03:00:00,2025-05-08 01:08:32,3.0,4.558254336270673,277.86887556461653,273.53649514214084,333.66580864612297,7.40647071852668,,,,,44.11743,174.98146
2025-05-06 04:00:00,2025-05-08 01:08:32,3.0,3.663924811969596,276.2386169892906,272.7706024414192,80.29491265613537,8.384994907541198,,,,,39.90446,182.38033
2025-05-06 05:00:00,2025-05-08 01:08:32,3.0,3.663924811969596,276.2386169892906,272.7706024414192,80.29491265613537,8.384994907541198,,,,,29.70164,177.58202
2025-05-06 06:00:00,2025-05-08 01:08:32,3.0,3.663924811969596,276.2386169892906,272.7706024414192,80.29491265613537,8.384994907541198,,,,,21.96538,174.84302
2025-05-06 07:00:00,2025-05-08 01:08:32,3.0,3.417476374635136,275.45653352663743,272.2972616850451,40.147469748680166,9.373722449356336,,,,,17.39602,172.57144
2025-05-06 08:00:00,2025-05-08 01:08:32,3.0,3.417476374635136,275.45653352663743,272.2972616850451,40.147469748680166,9.373722449356336,,,,,11.266,161.08108
2025-05-06 09:00:00,2025-05-08 01:08:32,3.0,3.417476374635136,275.45653352663743,272.2972616850451,40.147469748680166,9.373722449356336,,,,,10.31715,167.28383
2025-05-06 10:00:00,2025-05-08 01:08:32,3.0,3.1739592008590134,274.79998429477524,271.78907614818723,0.0,10.121372935769898,,,,,12.05316,165.90292
2025-05-06 11:00:00,2025-05-08 01:08:32,3.0,3.1739592008590134,274.79998429477524,271.78907614818723,0.0,10.121372935769898,,,,,14.05841,170.14802
2025-05-06 12:00:00,2025-05-08 01:08:32,3.0,3.1739592008590134,274.79998429477524,271.78907614818723,0.0,10.121372935769898,,,,,14.83243,162.65759
2025-05-06 13:00:00,2025-05-08 01:08:32,3.0,3.282049434432679,278.38947570723013,272.25490718293975,0.0520252722200015,10.52539417990069,,,,,20.34842,167.54883
2025-05-06 14:00:00,2025-05-08 01:08:32,3.0,3.282049434432679,278.38947570723013,272.25490718293975,0.0520252722200015,10.52539417990069,,,,,24.91696,159.28307
2025-05-06 15:00:00,2025-05-08 01:08:32,3.0,3.282049434432679,278.38947570723013,272.25490718293975,0.0520252722200015,10.52539417990069,,,,,27.4446,163.89747
2025-05-06 16:00:00,2025-05-08 01:08:32,3.0,3.5353382855685034,281.6652053085839,272.58876406861805,136.688576740339,10.785477373715253,,,,,35.64764,162.91554
2025-05-06 17:00:00,2025-05-08 01:08:32,3.0,3.5353382855685034,281.6652053085839,272.58876406861805,136.688576740339,10.785477373715253,,,,,41.72364,164.94524
2025-05-06 18:00:00,2025-05-08 01:08:32,3.0,3.5353382855685034,281.6652053085839,272.58876406861805,136.688576740339,10.785477373715253,,,,,43.97869,158.10312
2025-05-06 19:00:00,2025-05-08 01:08:32,3.0,3.620673735760633,283.3455601924342,273.5849105105248,313.30050119604994,11.116164418913144,,,,,44.9463,166.43674
2025-05-06 20:00:00,2025-05-08 01:08:32,3.0,3.620673735760633,283.3455601924342,273.5849105105248,313.30050119604994,11.116164418913144,,,,,48.54514,166.80773
2025-05-06 21:00:00,2025-05-08 01:08:32,3.0,3.620673735760633,283.3455601924342,273.5849105105248,313.30050119604994,11.116164418913144,,,,,52.91627,157.58546
2025-05-06 22:00:00,2025-05-08 01:08:32,3.0,3.559110023321754,283.1174417999538,274.2749946959094,601.4812137270746,11.281102570705553,,,,,56.14544,160.47615
2025-05-06 23:00:00,2025-05-08 01:08:32,3.0,3.559110023321754,283.1174417999538,274.2749946959094,601.4812137270746,11.281102570705553,,,,,62.13538,158.0951
2025-05-07 00:00:00,2025-05-08 01:08:32,3.0,3.559110023321754,283.1174417999538,274.2749946959094,601.4812137270746,11.281102570705553,,,,,9624.52966,3816.18981
2025-05-07 01:00:00,2025-05-08 01:08:32,3.0,3.0097009145598745,279.6231793311191,275.0195422458162,511.0607200571916,11.350570532606348,,,,,4156.5,3868.60009
2025-05-07 02:00:00,2025-05-08 01:08:32,3.0,3.0097009145598745,279.6231793311191,275.0195422458162,511.0607200571916,11.350570532606348,,,,,485.56999,3819.53014
2025-05-07 03:00:00,2025-05-08 01:08:32,3.0,3.0097009145598745,279.6231793311191,275.0195422458162,511.0607200571916,11.350570532606348,,,,,0.0,3838.1598
2025-05-07 04:00:00,2025-05-08 01:08:32,3.0,2.847227122803523,278.08987164321377,274.8803128783052,105.26466206819896,11.396905814384468,,,,,39.90446,182.38033
2025-05-07 05:00:00,2025-05-08 01:08:32,3.0,2.847227122803523,278.08987164321377,274.8803128783052,105.26466206819896,11.396905814384468,,,,,29.70164,177.58202
2025-05-07 06:00:00,2025-05-08 01:08:32,3.0,2.847227122803523,278.08987164321377,274.8803128783052,105.26466206819896,11.396905814384468,,,,,21.96538,174.84302
2025-05-07 07:00:00,2025-05-08 01:08:32,3.0,2.7975171644973007,277.4021557010701,274.7451482243251,52.63267667560189,11.4616258005341,,,,,17.39602,172.57144
2025-05-07 08:00:00,2025-05-08 01:08:32,3.0,2.7975171644973007,277.4021557010701,274.7451482243251,52.63267667560189,11.4616258005341,,,,,11.266,161.08108
2025-05-07 09:00:00,2025-05-08 01:08:32,3.0,2.7975171644973007,277.4021557010701,274.7451482243251,52.63267667560189,11.4616258005341,,,,,10.31715,167.28383
2025-05-07 10:00:00,2025-05-08 01:08:32,3.0,3.1040453074186223,276.9681103195471,274.5751208467997,0.0,11.487958492716444,,,,,12.05316,165.90292
2025-05-07 11:00:00,2025-05-08 01:08:32,3.0,3.1040453074186223,276.9681103195471,274.5751208467997,0.0,11.487958492716444,,,,,14.05841,170.14802
2025-05-07 12:00:00,2025-05-08 01:08:32,3.0,3.1040453074186223,276.9681103195471,274.5751208467997,0.0,11.487958492716444,,,,,14.83243,162.65759
2025-05-07 13:00:00,2025-05-08 01:08:32,3.0,4.302897998487346,281.86792972423825,276.09545892574306,0.0644776332566378,11.494716191620812,,,,,20.34842,167.54883
2025-05-07 14:00:00,2025-05-08 01:08:32,3.0,4.302897998487346,281.86792972423825,276.09545892574306,0.0644776332566378,11.494716191620812,,,,,24.91696,159.28307
2025-05-07 15:00:00,2025-05-08 01:08:32,3.0,4.302897998487346,281.86792972423825,276.09545892574306,0.0644776332566378,11.494716191620812,,,,,27.4446,163.89747
2025-05-07 16:00:00,2025-05-08 01:08:32,3.0,5.488638566184809,287.43982457238064,277.0938933035829,174.2247088919612,11.49724960924937,,,,,35.64764,162.91554
2025-05-07 17:00:00,2025-05-08 01:08:32,3.0,5.488638566184809,287.43982457238064,277.0938933035829,174.2247088919612,11.49724960924937,,,,,41.72364,164.94524
2025-05-07 18:00:00,2025-05-08 01:08:32,3.0,5.488638566184809,287.43982457238064,277.0938933035829,174.2247088919612,11.49724960924937,,,,,43.97869,158.10312
2025-05-07 19:00:00,2025-05-08 01:08:32,3.0,6.0857296795325055,290.77988895080847,277.0435376876438,416.0309209454406,11.507826561186397,,,,,44.9463,166.43674
2025-05-07 20:00:00,2025-05-08 01:08:32,3.0,6.0857296795325055,290.77988895080847,277.0435376876438,416.0309209454406,11.507826561186397,,,,,48.54514,166.80773
2025-05-07 21:00:00,2025-05-08 01:08:32,3.0,6.0857296795325055,290.77988895080847,277.0435376876438,416.0309209454406,11.507826561186397,,,,,52.91627,157.58546
2025-05-07 22:00:00,2025-05-08 01:08:32,3.0,5.778448274344395,291.0428844609659,277.3290390633118,862.5882792835835,11.532154737549796,,,,,56.14544,160.47615
2025-05-07 23:00:00,2025-05-08 01:08:32,3.0,5.778448274344395,291.0428844609659,277.3290390633118,862.5882792835835,11.532154737549796,,,,,62.13538,158.0951
